{"stats":{"minecraft:picked_up":{"minecraft:gravel":4,"minecraft:oak_log":15,"minecraft:grass_block":2,"minecraft:dirt":28,"minecraft:chest":5},"minecraft:used":{"minecraft:wooden_axe":20,"minecraft:water_bucket":1,"minecraft:grass_block":31,"minecraft:chest":4,"torture:torture_spawn_egg":2,"minecraft:dirt":11,"irritator:irritator_spawn_egg":2,"mimicer:mimicer_spawn_egg":3,"minecraft:oak_slab":42,"minecraft:crafting_table":1,"cartoon_dweller:cartoon_dweller_spawn_egg":2,"minecraft:bucket":1,"kim_dweller:kim_dweller_spawn_egg":2},"minecraft:mined":{"minecraft:oak_log":15,"minecraft:grass_block":29,"minecraft:chest":5,"minecraft:gravel":4},"minecraft:crafted":{"minecraft:oak_slab":42,"minecraft:oak_planks":76,"minecraft:crafting_table":1,"minecraft:stick":12,"minecraft:wooden_axe":1,"minecraft:oak_fence":9},"minecraft:dropped":{"irritator:irritator_spawn_egg":128,"cartoon_dweller:cartoon_dweller_spawn_egg":128,"mimicer:mimicer_spawn_egg":128,"kim_dweller:kim_dweller_spawn_egg":128,"torture:torture_spawn_egg":128,"minecraft:grass_block":4},"minecraft:custom":{"minecraft:time_since_rest":62114,"minecraft:sprint_one_cm":1046,"minecraft:walk_one_cm":6474,"minecraft:drop":14,"minecraft:interact_with_crafting_table":6,"minecraft:fly_one_cm":5920,"minecraft:open_chest":30,"minecraft:crouch_one_cm":6535,"minecraft:play_time":62114,"minecraft:sneak_time":1961,"minecraft:walk_under_water_one_cm":1144,"minecraft:jump":26,"minecraft:leave_game":4,"minecraft:time_since_death":62114,"minecraft:walk_on_water_one_cm":83,"minecraft:total_world_time":62114,"minecraft:fall_one_cm":209}},"DataVersion":3120}