{"stats":{"minecraft:used":{"torture:torture_spawn_egg":2,"minecraft:wooden_axe":1,"minecraft:dirt":10,"irritator:irritator_spawn_egg":2,"mimicer:mimicer_spawn_egg":3,"minecraft:crafting_table":1,"cartoon_dweller:cartoon_dweller_spawn_egg":2,"minecraft:grass_block":31,"kim_dweller:kim_dweller_spawn_egg":2,"minecraft:chest":1},"minecraft:mined":{"minecraft:grass_block":13,"minecraft:oak_log":7,"minecraft:chest":1},"minecraft:custom":{"minecraft:open_chest":14,"minecraft:time_since_rest":44898,"minecraft:play_time":44898,"minecraft:crouch_one_cm":2046,"minecraft:sprint_one_cm":226,"minecraft:walk_one_cm":1572,"minecraft:sneak_time":849,"minecraft:drop":14,"minecraft:jump":21,"minecraft:leave_game":3,"minecraft:time_since_death":44898,"minecraft:total_world_time":44898,"minecraft:interact_with_crafting_table":4,"minecraft:fall_one_cm":209,"minecraft:fly_one_cm":5496},"minecraft:picked_up":{"minecraft:oak_log":7,"minecraft:grass_block":2,"minecraft:chest":1,"minecraft:dirt":13},"minecraft:crafted":{"minecraft:oak_planks":28,"minecraft:oak_fence":9,"minecraft:crafting_table":1,"minecraft:stick":12,"minecraft:wooden_axe":1},"minecraft:dropped":{"mimicer:mimicer_spawn_egg":128,"torture:torture_spawn_egg":128,"kim_dweller:kim_dweller_spawn_egg":128,"irritator:irritator_spawn_egg":128,"cartoon_dweller:cartoon_dweller_spawn_egg":128,"minecraft:grass_block":4}},"DataVersion":3120}